{"cameraMode":{"drawMode":0,"name":"Shaded","section":"Shading Mode"},"sceneLighting":false,"audioPlay":false,"sceneViewState":{"showFog":false,"showMaterialUpdate":false,"showSkybox":false,"showFlares":true,"showImageEffects":true,"showParticleSystems":true},"in2DMode":false,"pivot":{"x":16.830276489257814,"y":6.011364936828613,"z":-7.926041603088379},"rotation":{"x":0.3136250078678131,"y":-0.6108567714691162,"z":0.28674569725990298,"w":0.6680741906166077},"size":50.03606033325195,"orthographic":false}